Type,Name,Request Count,Failure Count,Median Response Time,Average Response Time,Min Response Time,Max Response Time,Average Content Size,Requests/s,Failures/s,50%,66%,75%,80%,90%,95%,98%,99%,99.9%,99.99%,100%
GET,//v1/content/search/digi_hashtags/2/3,17233,0,30,36.858333139905895,5.748099999999923,2206.543400000001,927.0096326814833,154.81614658475672,0.0,30,35,39,43,56,71,94,120,230,2200,2200
GET,//v1/healthcheck,17240,0,23,25.523579332946547,3.1078999999998302,2178.9983999999977,21.0,154.8790325028263,0.0,23,25,27,28,35,42,56,75,160,560,2200
,Aggregated,34473,0,26,31.18980543323768,3.1078999999998302,2206.543400000001,473.9128303309837,309.695179087583,0.0,26,30,33,36,46,60,82,100,200,2200,2200
